id,first_name,last_name,email,gender,age
1,Laurianne,Morrilly,lmorrilly0@ifeng.com,Female,64
2,Welby,Muffin,wmuffin1@dot.gov,Agender,21
3,Abbott,Rendle,arendle2@scribd.com,Male,93
4,Loren,Purse,lpurse3@patch.com,Male,52
5,Virge,Bray,vbray4@harvard.edu,Male,11
6,Carlotta,Wassell,cwassell5@bandcamp.com,Female,47
7,Cyrus,Jagielski,cjagielski6@webs.com,Male,6
8,Eli,Nunn,enunn7@disqus.com,Male,35
9,Romona,Cariss,rcariss8@umn.edu,Female,88
10,Brittaney,Mogey,bmogey9@last.fm,Female,35
11,Axel,Mathy,amathya@ocn.ne.jp,Male,23
12,Sarena,Rysdale,srysdaleb@youtu.be,Female,75
13,Randi,Vannuccini,rvannuccinic@imdb.com,Male,66
14,Beaufort,Clowsley,bclowsleyd@surveymonkey.com,Genderfluid,92
15,Esta,Elman,eelmane@ning.com,Female,69
16,Lonna,Braundt,lbraundtf@who.int,Female,99
17,Pammy,Burgin,pburging@w3.org,Bigender,41
18,Albrecht,Stride,astrideh@jigsy.com,Male,69
19,Willey,Stango,wstangoi@constantcontact.com,Male,13
20,Richmound,Sapsforde,rsapsfordej@pcworld.com,Agender,6
21,Dalila,Caulwell,dcaulwellk@goo.gl,Genderqueer,35
22,Norrie,Faltin,nfaltinl@nhs.uk,Male,97
23,Graig,Iannini,gianninim@upenn.edu,Male,57
24,Margery,Mowne,mmownen@slashdot.org,Female,2
25,Natty,Cradoc,ncradoco@foxnews.com,Female,42
26,Clemmie,Corlett,ccorlettp@icio.us,Male,41
27,Raoul,Hethron,rhethronq@skyrock.com,Polygender,21
28,Kara-lynn,McGlone,kmcgloner@techcrunch.com,Female,79
29,Teodora,Giddins,tgiddinss@ucoz.ru,Female,22
30,Rudyard,Hails,rhailst@hc360.com,Male,7
31,Blinny,Hallgath,bhallgathu@posterous.com,Female,94
32,Tandi,Ziemke,tziemkev@cloudflare.com,Female,93
33,Gayler,Victory,gvictoryw@irs.gov,Male,15
34,Costa,Wodeland,cwodelandx@plala.or.jp,Male,5
35,Chen,Du Hamel,cduhamely@shareasale.com,Bigender,7
36,Garfield,Ousley,gousleyz@theatlantic.com,Male,58
37,Moselle,Dimitrijevic,mdimitrijevic10@sogou.com,Female,79
38,Grannie,Wilkes,gwilkes11@netvibes.com,Male,15
39,Prescott,Leates,pleates12@go.com,Male,56
40,Andrew,Hargreave,ahargreave13@usgs.gov,Male,13
41,Myrah,Rowntree,mrowntree14@about.com,Female,18
42,Lissa,Manshaw,lmanshaw15@google.co.uk,Female,61
43,Jerrilee,Scini,jscini16@psu.edu,Female,94
44,Janean,Ibbotson,jibbotson17@homestead.com,Female,12
45,Jeremie,Syers,jsyers18@ucsd.edu,Male,88
46,Arvie,Sobey,asobey19@parallels.com,Male,95
47,Clarinda,Wathell,cwathell1a@umn.edu,Agender,19
48,Erica,Harsent,eharsent1b@soup.io,Polygender,98
49,Bjorn,Andreaccio,bandreaccio1c@sbwire.com,Male,31
50,Barrie,Giggs,bgiggs1d@de.vu,Female,24
51,Perren,Barthram,pbarthram1e@europa.eu,Male,57
52,Lezlie,Alentyev,lalentyev1f@wikia.com,Female,76
53,Bonni,Ferrieri,bferrieri1g@wikia.com,Female,82
54,Sterne,Dalligan,sdalligan1h@nydailynews.com,Male,52
55,Blayne,McColley,bmccolley1i@hexun.com,Polygender,58
56,Arther,MacConnechie,amacconnechie1j@woothemes.com,Male,32
57,Wylma,Bauduccio,wbauduccio1k@washington.edu,Female,7
58,Maureen,Higgan,mhiggan1l@photobucket.com,Female,83
59,Lorelei,Dyson,ldyson1m@lycos.com,Female,98
60,Orelle,Archer,oarcher1n@altervista.org,Female,32
61,Dietrich,Reidshaw,dreidshaw1o@cloudflare.com,Male,13
62,Dido,Baltrushaitis,dbaltrushaitis1p@globo.com,Female,95
63,Mead,Poag,mpoag1q@last.fm,Genderfluid,39
64,Kizzie,Morch,kmorch1r@bloglovin.com,Female,40
65,Harris,Mercer,hmercer1s@ucoz.ru,Male,41
66,Albertine,Colten,acolten1t@altervista.org,Female,8
67,Norby,Egdale,negdale1u@miibeian.gov.cn,Male,10
68,Agosto,Hulland,ahulland1v@wikispaces.com,Male,58
69,Perry,Westley,pwestley1w@foxnews.com,Female,26
70,Base,Schukert,bschukert1x@hud.gov,Genderqueer,40
71,Guglielma,Espada,gespada1y@google.co.uk,Female,92
72,Elnar,Klimek,eklimek1z@google.co.uk,Male,63
73,Stefanie,Addy,saddy20@wix.com,Female,77
74,Karney,Ingerfield,kingerfield21@parallels.com,Male,4
75,Dale,Gaitskell,dgaitskell22@spotify.com,Non-binary,18
76,Nicol,Caff,ncaff23@addtoany.com,Male,49
77,Selene,Bramont,sbramont24@vkontakte.ru,Female,13
78,Bethena,Whittington,bwhittington25@scribd.com,Female,6
79,Phil,Maslen,pmaslen26@hibu.com,Male,85
80,Gran,Gionettitti,ggionettitti27@youtu.be,Male,84
81,Dorie,Sleeford,dsleeford28@huffingtonpost.com,Male,17
82,Filmer,De Maria,fdemaria29@bigcartel.com,Genderfluid,83
83,Pammie,Grewes,pgrewes2a@istockphoto.com,Female,33
84,Dolorita,Rackley,drackley2b@fda.gov,Female,62
85,Maria,Woof,mwoof2c@house.gov,Genderqueer,27
86,August,Kullmann,akullmann2d@t-online.de,Male,41
87,Hall,Fane,hfane2e@miibeian.gov.cn,Male,25
88,Holden,Bothie,hbothie2f@gizmodo.com,Male,94
89,Phylys,Esparza,pesparza2g@independent.co.uk,Female,62
90,Osborne,Ravillas,oravillas2h@bluehost.com,Male,99
91,Inger,Dagnan,idagnan2i@sun.com,Female,15
92,Hilliard,Smaling,hsmaling2j@weibo.com,Male,25
93,Cariotta,Maypole,cmaypole2k@drupal.org,Female,55
94,Clerissa,Soltan,csoltan2l@123-reg.co.uk,Female,84
95,Kimmy,Gerretsen,kgerretsen2m@independent.co.uk,Female,65
96,Mikol,Zylbermann,mzylbermann2n@xrea.com,Male,27
97,Kelci,Cometti,kcometti2o@cornell.edu,Female,73
98,Glad,Kornyakov,gkornyakov2p@skype.com,Female,36
99,Elga,Stefanovic,estefanovic2q@flavors.me,Female,90
100,Boigie,Risebarer,brisebarer2r@nps.gov,Male,57
101,Pam,Gamblin,pgamblin2s@usgs.gov,Female,22
102,Delora,Matts,dmatts2t@youku.com,Female,100
103,Keefer,Sloyan,ksloyan2u@businessweek.com,Male,6
104,Omar,Tomczykiewicz,otomczykiewicz2v@prlog.org,Male,73
105,Inger,MacNab,imacnab2w@prweb.com,Female,64
106,Cathy,Maddicks,cmaddicks2x@vimeo.com,Female,84
107,Jorry,Waryk,jwaryk2y@google.de,Female,92
108,Tuesday,Gandley,tgandley2z@themeforest.net,Female,80
109,Noak,Porcher,nporcher30@phoca.cz,Male,60
110,Tabina,Ealles,tealles31@nifty.com,Female,77
111,Simmonds,Dingivan,sdingivan32@1und1.de,Male,39
112,Laryssa,Ewing,lewing33@qq.com,Female,72
113,Shell,Cappleman,scappleman34@sina.com.cn,Male,85
114,Marcelia,Sheerman,msheerman35@blogtalkradio.com,Genderqueer,95
115,Nolie,Domerc,ndomerc36@drupal.org,Female,68
116,Will,Shanklin,wshanklin37@google.ca,Male,70
117,Gardener,McMorland,gmcmorland38@wikimedia.org,Male,33
118,Deirdre,Schole,dschole39@sohu.com,Female,68
119,Hugues,Attenborrow,hattenborrow3a@pbs.org,Male,62
120,Etta,Godart,egodart3b@tuttocitta.it,Female,90
121,Dusty,Gatchel,dgatchel3c@harvard.edu,Female,93
122,Barthel,Abethell,babethell3d@shutterfly.com,Male,73
123,Merla,Lelliott,mlelliott3e@ycombinator.com,Bigender,62
124,Edie,Mellish,emellish3f@phpbb.com,Female,1
125,Don,Buglass,dbuglass3g@sun.com,Male,94
126,Ichabod,Wiffler,iwiffler3h@smh.com.au,Male,57
127,Patrizia,Pawlata,ppawlata3i@amazon.co.jp,Female,45
128,Ivette,Tonks,itonks3j@statcounter.com,Female,88
129,Babara,Wortman,bwortman3k@usgs.gov,Female,89
130,Emyle,Glowach,eglowach3l@google.com.au,Female,66
131,Upton,Dohr,udohr3m@odnoklassniki.ru,Male,86
132,Addie,Oleshunin,aoleshunin3n@ovh.net,Female,26
133,Tedd,Robe,trobe3o@dropbox.com,Male,67
134,Rossy,Nears,rnears3p@moonfruit.com,Genderqueer,99
135,Misti,Spottiswoode,mspottiswoode3q@opensource.org,Female,55
136,Barri,Ronchka,bronchka3r@skype.com,Male,53
137,Maia,Downer,mdowner3s@twitpic.com,Female,1
138,Pembroke,McCritichie,pmccritichie3t@discuz.net,Male,22
139,Giacomo,Hadland,ghadland3u@posterous.com,Genderqueer,63
140,Emmit,Birwhistle,ebirwhistle3v@shareasale.com,Male,51
141,Maud,Gitsham,mgitsham3w@redcross.org,Female,32
142,Markus,Llewelyn,mllewelyn3x@mozilla.com,Male,33
143,Jermain,Haken,jhaken3y@admin.ch,Male,71
144,Doris,Chesshire,dchesshire3z@over-blog.com,Female,60
145,Arley,Casone,acasone40@de.vu,Male,4
146,Allsun,Lago,alago41@prweb.com,Female,46
147,Demetrius,Strowger,dstrowger42@yahoo.co.jp,Male,30
148,Bev,Gretham,bgretham43@huffingtonpost.com,Female,73
149,Friedrick,Neiland,fneiland44@bizjournals.com,Male,71
150,Beilul,Forty,bforty45@simplemachines.org,Female,39
151,Gabi,Cretney,gcretney46@unicef.org,Male,24
152,Karel,Arkle,karkle47@discovery.com,Female,30
153,Jilly,O'Reagan,joreagan48@cargocollective.com,Female,3
154,Jerrold,Casino,jcasino49@linkedin.com,Male,51
155,Franni,Fronczak,ffronczak4a@usatoday.com,Female,45
156,Fern,Scorrer,fscorrer4b@msn.com,Female,77
157,Vonny,McLean,vmclean4c@elpais.com,Female,29
158,Ida,Stott,istott4d@dmoz.org,Female,34
159,Leora,Esgate,lesgate4e@stumbleupon.com,Female,62
160,Archy,Extall,aextall4f@weibo.com,Male,96
161,Boothe,Jorck,bjorck4g@jimdo.com,Male,84
162,Dedra,Largan,dlargan4h@discuz.net,Female,12
163,Ahmad,Turneux,aturneux4i@freewebs.com,Male,96
164,Geneva,Waddoups,gwaddoups4j@newsvine.com,Female,87
165,Dulcea,Franckton,dfranckton4k@oracle.com,Female,81
166,Svend,Pawlick,spawlick4l@epa.gov,Male,19
167,Francklin,Ebbles,febbles4m@creativecommons.org,Male,87
168,Elane,Bernardotte,ebernardotte4n@theatlantic.com,Female,32
169,Alanna,Anthill,aanthill4o@moonfruit.com,Female,58
170,Karmen,De Filippis,kdefilippis4p@meetup.com,Female,5
171,Genia,Boam,gboam4q@ycombinator.com,Non-binary,33
172,Elsinore,Cossons,ecossons4r@topsy.com,Female,75
173,Philbert,Warlaw,pwarlaw4s@chron.com,Male,36
174,Edlin,Snodin,esnodin4t@histats.com,Male,81
175,Levey,Grimes,lgrimes4u@ted.com,Agender,77
176,Fabiano,Skelhorne,fskelhorne4v@jigsy.com,Male,76
177,Leeanne,Ashe,lashe4w@house.gov,Female,34
178,Con,Alner,calner4x@amazon.co.jp,Female,83
179,Cass,Phillips,cphillips4y@boston.com,Genderqueer,21
180,Barn,Elliss,belliss4z@amazon.co.jp,Male,29
181,Daria,Bottrill,dbottrill50@wordpress.com,Female,88
182,Herbie,Ganter,hganter51@wsj.com,Bigender,63
183,Oswell,Earthfield,oearthfield52@quantcast.com,Male,17
184,Talya,Crepin,tcrepin53@last.fm,Female,39
185,Violante,Fischer,vfischer54@ebay.com,Agender,33
186,Raphaela,Esmonde,resmonde55@cpanel.net,Female,100
187,Etheline,Rodbourne,erodbourne56@usatoday.com,Female,66
188,Radcliffe,Cescoti,rcescoti57@economist.com,Male,76
189,Dev,Dabnot,ddabnot58@privacy.gov.au,Non-binary,17
190,Aurea,Brocklehurst,abrocklehurst59@wsj.com,Female,75
191,Herta,Empringham,hempringham5a@telegraph.co.uk,Female,40
192,Vivianne,McCallister,vmccallister5b@mac.com,Female,14
193,Yehudit,Bromby,ybromby5c@wired.com,Male,85
194,Antonin,Viollet,aviollet5d@github.com,Male,14
195,Franny,Oakenfield,foakenfield5e@flickr.com,Polygender,73
196,Isidore,Lamball,ilamball5f@hubpages.com,Male,85
197,Inesita,Biner,ibiner5g@freewebs.com,Female,96
198,Pamela,McCosker,pmccosker5h@squidoo.com,Female,33
199,Zoe,Liley,zliley5i@1und1.de,Female,68
200,Emelina,Iorizzo,eiorizzo5j@youtu.be,Genderqueer,94
201,Darice,Yerborn,dyerborn5k@xrea.com,Female,29
202,Manfred,Bromidge,mbromidge5l@surveymonkey.com,Male,48
203,Wernher,Suggate,wsuggate5m@feedburner.com,Non-binary,10
204,Aldus,Staining,astaining5n@pcworld.com,Male,57
205,Kerby,Henlon,khenlon5o@mtv.com,Male,52
206,Almeta,Beeze,abeeze5p@chronoengine.com,Female,49
207,Irina,Riddeough,iriddeough5q@slate.com,Genderqueer,80
208,Myrle,Scalia,mscalia5r@prlog.org,Female,24
209,Van,Punyer,vpunyer5s@opensource.org,Male,20
210,Carlin,Boyer,cboyer5t@goo.gl,Male,84
211,Nico,Gaddie,ngaddie5u@symantec.com,Male,11
212,Sharleen,Walkley,swalkley5v@sina.com.cn,Female,89
213,Jobi,Clemenzo,jclemenzo5w@adobe.com,Genderfluid,78
214,Billie,Spreckley,bspreckley5x@nsw.gov.au,Male,27
215,Kimberlee,Cuphus,kcuphus5y@noaa.gov,Female,50
216,Milissent,Haithwaite,mhaithwaite5z@t-online.de,Female,26
217,Wilbur,Dumbare,wdumbare60@vinaora.com,Male,26
218,Ivory,Shyre,ishyre61@wordpress.com,Female,58
219,Charissa,Riby,criby62@oracle.com,Female,7
220,Emmalynn,Blanning,eblanning63@ibm.com,Female,28
221,Zachary,Eastwell,zeastwell64@live.com,Male,93
222,Gabriel,Bratten,gbratten65@tamu.edu,Female,63
223,Jeffie,MacVay,jmacvay66@issuu.com,Male,56
224,Clayborn,McBride,cmcbride67@xrea.com,Male,6
225,Shep,Belmont,sbelmont68@discovery.com,Male,45
226,Almeria,Emmison,aemmison69@macromedia.com,Bigender,18
227,Haley,Morde,hmorde6a@woothemes.com,Male,86
228,Thom,Poynter,tpoynter6b@amazon.co.jp,Male,48
229,Chicky,Stocking,cstocking6c@usa.gov,Female,2
230,Wes,Jakubovicz,wjakubovicz6d@google.co.uk,Male,77
231,Heinrick,Davitt,hdavitt6e@phoca.cz,Male,58
232,Walker,Brimblecomb,wbrimblecomb6f@chron.com,Male,74
233,Clair,Scrowby,cscrowby6g@spotify.com,Genderfluid,3
234,Maitilde,Salterne,msalterne6h@youtube.com,Bigender,78
235,Valentine,Millen,vmillen6i@google.pl,Male,17
236,Eldridge,Geraudy,egeraudy6j@friendfeed.com,Male,35
237,Adoree,Ruprecht,aruprecht6k@indiegogo.com,Female,74
238,Hoyt,Trood,htrood6l@skyrock.com,Non-binary,36
239,Marion,Gilyatt,mgilyatt6m@wikispaces.com,Male,78
240,Derwin,Huish,dhuish6n@tiny.cc,Male,1
241,Lurlene,Geall,lgeall6o@ask.com,Female,86
242,Baryram,Luthwood,bluthwood6p@privacy.gov.au,Male,3
243,Vasilis,Littrell,vlittrell6q@devhub.com,Male,56
244,Roderich,Langfield,rlangfield6r@woothemes.com,Bigender,38
245,Hercule,Mesant,hmesant6s@ftc.gov,Male,12
246,Caterina,Pymm,cpymm6t@about.com,Female,40
247,Ofilia,Yesenin,oyesenin6u@woothemes.com,Female,26
248,Bastien,Doerrling,bdoerrling6v@hp.com,Male,91
249,Melitta,Peele,mpeele6w@jimdo.com,Female,95
250,Augusto,Stodhart,astodhart6x@surveymonkey.com,Male,71
251,Neddy,Feehely,nfeehely6y@digg.com,Male,70
252,Milly,Batthew,mbatthew6z@businesswire.com,Female,93
253,Bud,Pinkney,bpinkney70@behance.net,Polygender,48
254,Eda,Lamplugh,elamplugh71@over-blog.com,Female,99
255,Ambrosio,Bissett,abissett72@icio.us,Male,70
256,Nelle,Freschi,nfreschi73@youku.com,Female,50
257,Andra,Ablitt,aablitt74@godaddy.com,Female,73
258,Geneva,Stollsteiner,gstollsteiner75@foxnews.com,Female,93
259,Dee,Heibl,dheibl76@dailymail.co.uk,Female,25
260,Elisa,Ripon,eripon77@ocn.ne.jp,Female,25
261,Nikola,Lowes,nlowes78@marketwatch.com,Male,43
262,Diane-marie,Carreck,dcarreck79@wordpress.org,Female,78
263,Niven,Tomicki,ntomicki7a@hatena.ne.jp,Male,73
264,Aindrea,Ballham,aballham7b@bloomberg.com,Female,70
265,Genni,Clarson,gclarson7c@addthis.com,Female,79
266,Dorena,Hindrick,dhindrick7d@bravesites.com,Female,72
267,Rollins,Adamoli,radamoli7e@google.co.jp,Male,12
268,Wilton,Sawdon,wsawdon7f@t.co,Male,19
269,Regine,McLernon,rmclernon7g@wikipedia.org,Female,6
270,Ainsley,Bemrose,abemrose7h@hc360.com,Female,89
271,Erasmus,Haggard,ehaggard7i@nih.gov,Male,4
272,Shawna,Berdale,sberdale7j@slate.com,Female,91
273,Nicole,Maleby,nmaleby7k@mozilla.org,Female,38
274,Kandace,Conrad,kconrad7l@chron.com,Female,72
275,Amory,Charpling,acharpling7m@who.int,Male,50
276,Anastassia,Philp,aphilp7n@slate.com,Female,32
277,Marco,Mytton,mmytton7o@digg.com,Male,57
278,Jacinda,Fleay,jfleay7p@comsenz.com,Genderqueer,85
279,Pierette,Hostan,phostan7q@squidoo.com,Female,41
280,Appolonia,Crake,acrake7r@bizjournals.com,Female,53
281,Chicky,Bream,cbream7s@scientificamerican.com,Male,72
282,Ree,Pollendine,rpollendine7t@google.com.br,Female,43
283,Jarrett,Torrie,jtorrie7u@slate.com,Male,82
284,Jeremiah,Danigel,jdanigel7v@who.int,Male,50
285,Roxana,Duny,rduny7w@cafepress.com,Agender,4
286,Barnabas,Wohlers,bwohlers7x@odnoklassniki.ru,Male,13
287,Rhody,Ellick,rellick7y@mashable.com,Female,18
288,Hyacinthia,Santhouse,hsanthouse7z@google.com.au,Female,46
289,Corty,Skea,cskea80@amazon.de,Male,93
290,Thorvald,Manton,tmanton81@bandcamp.com,Male,21
291,Bev,Wedlock,bwedlock82@storify.com,Male,11
292,Corbett,Scandroot,cscandroot83@theglobeandmail.com,Male,15
293,Sherry,Banker,sbanker84@a8.net,Female,48
294,Mariam,Heaysman,mheaysman85@reference.com,Female,39
295,Silvain,Gealy,sgealy86@usnews.com,Male,63
296,Reyna,Teeney,rteeney87@home.pl,Female,100
297,Genevieve,Gaywood,ggaywood88@ucla.edu,Female,65
298,Nissie,Armatage,narmatage89@ucoz.com,Female,27
299,Winnah,Licari,wlicari8a@booking.com,Female,39
300,Neal,Beamiss,nbeamiss8b@hexun.com,Male,35
301,Booth,Steggles,bsteggles8c@hugedomains.com,Male,17
302,Loralee,Mintram,lmintram8d@blogs.com,Female,26
303,Hershel,Sheere,hsheere8e@cbslocal.com,Male,64
304,Kacey,Poulston,kpoulston8f@wp.com,Female,93
305,Radcliffe,Kondratyuk,rkondratyuk8g@pen.io,Male,30
306,Shannah,McNysche,smcnysche8h@ustream.tv,Female,9
307,Hanan,Ende,hende8i@google.co.jp,Male,16
308,Chevalier,Sugden,csugden8j@gov.uk,Male,79
309,Geoffrey,Boakes,gboakes8k@pcworld.com,Male,39
310,Arv,Pecht,apecht8l@feedburner.com,Male,57
311,Ty,Moreinu,tmoreinu8m@stanford.edu,Male,31
312,Harwell,Vedenichev,hvedenichev8n@washington.edu,Male,86
313,Romona,Chesshyre,rchesshyre8o@clickbank.net,Female,43
314,Pedro,Lott,plott8p@xinhuanet.com,Male,29
315,Genvieve,Shaudfurth,gshaudfurth8q@epa.gov,Female,50
316,Chrisse,Stonary,cstonary8r@buzzfeed.com,Male,36
317,Marv,Honig,mhonig8s@shop-pro.jp,Male,96
318,Eric,Eastbury,eeastbury8t@gravatar.com,Male,92
319,Karola,Magarrell,kmagarrell8u@quantcast.com,Female,47
320,Abba,Kingston,akingston8v@army.mil,Male,7
321,Kris,Ashby,kashby8w@tripadvisor.com,Male,55
322,Bruno,Calabry,bcalabry8x@wufoo.com,Male,70
323,Ronny,Scriviner,rscriviner8y@fastcompany.com,Male,83
324,Etheline,Kember,ekember8z@fotki.com,Female,19
325,Prudy,Siley,psiley90@cdc.gov,Female,5
326,Andrei,Benardet,abenardet91@hhs.gov,Female,7
327,Dominic,Banat,dbanat92@dropbox.com,Male,75
328,Elane,Abby,eabby93@ted.com,Female,29
329,Nessa,Weldon,nweldon94@google.ca,Female,86
330,Esta,Mugford,emugford95@com.com,Female,16
331,Marion,Marking,mmarking96@zimbio.com,Female,33
332,Mureil,Cousen,mcousen97@cmu.edu,Female,30
333,Arabele,Fielden,afielden98@nih.gov,Female,36
334,Jamie,Olivia,jolivia99@sciencedirect.com,Female,41
335,Melanie,Brassill,mbrassill9a@usa.gov,Agender,12
336,Jonah,Iceton,jiceton9b@reddit.com,Male,30
337,Farlee,Kemm,fkemm9c@fda.gov,Male,44
338,Dyanne,Draycott,ddraycott9d@cam.ac.uk,Female,45
339,Silvan,Hixson,shixson9e@npr.org,Male,64
340,Ashby,Cochrane,acochrane9f@booking.com,Male,31
341,Tawnya,Gossling,tgossling9g@infoseek.co.jp,Female,39
342,Gabe,Kennifeck,gkennifeck9h@msn.com,Male,51
343,Rutherford,Allen,rallen9i@rakuten.co.jp,Male,22
344,Yorgo,Mattiazzo,ymattiazzo9j@usa.gov,Male,17
345,Ichabod,Storms,istorms9k@i2i.jp,Male,73
346,Prudi,Ioselev,pioselev9l@netvibes.com,Female,47
347,Estel,Connah,econnah9m@cnbc.com,Female,50
348,Somerset,Haggus,shaggus9n@moonfruit.com,Male,97
349,Sherill,Anespie,sanespie9o@forbes.com,Female,67
350,Pamella,Curdell,pcurdell9p@nba.com,Female,39
351,Raoul,Marzellano,rmarzellano9q@163.com,Male,89
352,Whitby,Stoate,wstoate9r@deliciousdays.com,Male,84
353,Demetria,Vigne,dvigne9s@sun.com,Female,64
354,Dominik,Thaxter,dthaxter9t@quantcast.com,Male,38
355,Theo,Bernocchi,tbernocchi9u@nature.com,Female,92
356,Aldous,Oag,aoag9v@discovery.com,Male,94
357,Monah,Darmody,mdarmody9w@prlog.org,Female,33
358,Faber,Redholls,fredholls9x@php.net,Male,74
359,Vitoria,Carrel,vcarrel9y@bloomberg.com,Female,5
360,Willdon,Masey,wmasey9z@shareasale.com,Polygender,18
361,Lizabeth,Croall,lcroalla0@tinyurl.com,Female,27
362,Scarface,Philott,sphilotta1@sitemeter.com,Male,17
363,Lexie,Onion,loniona2@photobucket.com,Female,1
364,Rudiger,Petruskevich,rpetruskevicha3@themeforest.net,Male,43
365,Sheilah,Desbrow,sdesbrowa4@dell.com,Female,2
366,Carroll,McMyler,cmcmylera5@photobucket.com,Polygender,57
367,Roland,Adamson,radamsona6@lulu.com,Male,15
368,Benoite,Merkle,bmerklea7@dailymotion.com,Female,67
369,Rory,Pickover,rpickovera8@opera.com,Female,49
370,Reynold,Oggers,roggersa9@discovery.com,Male,1
371,Klement,Carnelley,kcarnelleyaa@ehow.com,Male,83
372,Imogen,Buddell,ibuddellab@example.com,Female,74
373,Flemming,Apted,faptedac@macromedia.com,Male,36
374,Karyn,Cabble,kcabblead@deliciousdays.com,Female,66
375,Inge,Beuscher,ibeuscherae@etsy.com,Female,99
376,Florentia,Leyfield,fleyfieldaf@creativecommons.org,Female,20
377,Sharon,Gonzalo,sgonzaloag@google.com.br,Polygender,71
378,Boyce,Gammack,bgammackah@archive.org,Genderqueer,69
379,Corbin,Raggitt,craggittai@psu.edu,Male,43
380,Hedwig,Morecombe,hmorecombeaj@theatlantic.com,Female,70
381,Claire,Tick,ctickak@fastcompany.com,Male,7
382,Donavon,Heddan,dheddanal@cdc.gov,Male,80
383,Elvin,Gypps,egyppsam@gizmodo.com,Polygender,7
384,Welbie,Sinclaire,wsinclairean@toplist.cz,Male,45
385,Zeb,Klemmt,zklemmtao@tinypic.com,Male,99
386,Evvie,Ogborne,eogborneap@mlb.com,Female,89
387,Peyter,Thynn,pthynnaq@hubpages.com,Male,56
388,Rowe,Ferrettino,rferrettinoar@berkeley.edu,Bigender,33
389,Ursa,Kruse,ukruseas@exblog.jp,Female,11
390,Fletcher,Sweetlove,fsweetloveat@wikipedia.org,Male,44
391,Harlin,Roydon,hroydonau@csmonitor.com,Male,1
392,Salaidh,Coll,scollav@feedburner.com,Female,38
393,Sander,Pitone,spitoneaw@storify.com,Male,33
394,Delmer,Devenport,ddevenportax@feedburner.com,Male,26
395,Austin,Gurge,agurgeay@usnews.com,Female,79
396,Gayle,Mosedall,gmosedallaz@spiegel.de,Male,29
397,Rozalin,Geleman,rgelemanb0@amazon.co.uk,Female,83
398,Alicea,Furman,afurmanb1@trellian.com,Female,50
399,Margit,Guiden,mguidenb2@booking.com,Female,87
400,Jarid,Dilawey,jdilaweyb3@accuweather.com,Male,6
401,Claus,Mainwaring,cmainwaringb4@live.com,Male,97
402,Samaria,Coatts,scoattsb5@oracle.com,Female,74
403,Dewie,Crippen,dcrippenb6@mapy.cz,Male,7
404,Fiann,Saltsberg,fsaltsbergb7@technorati.com,Female,81
405,Rod,Haines,rhainesb8@diigo.com,Male,82
406,Carin,Glave,cglaveb9@ed.gov,Female,98
407,Corny,Brunstan,cbrunstanba@acquirethisname.com,Male,66
408,Orbadiah,Harry,oharrybb@patch.com,Male,19
409,Rodina,Kastel,rkastelbc@imdb.com,Female,59
410,Cornell,Wickins,cwickinsbd@over-blog.com,Male,45
411,Shir,Highman,shighmanbe@ovh.net,Non-binary,79
412,Aimil,Purchon,apurchonbf@xinhuanet.com,Female,91
413,Caria,Diloway,cdilowaybg@homestead.com,Genderfluid,24
414,Uriah,Peeters,upeetersbh@photobucket.com,Male,95
415,Murray,Vost,mvostbi@businessweek.com,Male,89
416,Cordelia,Franzini,cfranzinibj@bbb.org,Female,53
417,Janelle,Lanchberry,jlanchberrybk@cdbaby.com,Female,11
418,Saxe,Cannan,scannanbl@aol.com,Male,46
419,Agnese,Bauldry,abauldrybm@nih.gov,Agender,3
420,Kerr,Bridle,kbridlebn@psu.edu,Male,30
421,Althea,Ruberti,arubertibo@cdc.gov,Female,84
422,Luz,Bowdery,lbowderybp@cyberchimps.com,Female,72
423,Aloysius,Elphick,aelphickbq@about.com,Male,48
424,Hale,Caldairou,hcaldairoubr@uiuc.edu,Male,92
425,Fairfax,Hardwin,fhardwinbs@behance.net,Male,66
426,Hersch,Firebrace,hfirebracebt@yandex.ru,Male,49
427,Benni,Schmuhl,bschmuhlbu@dot.gov,Agender,58
428,Filberto,Simunek,fsimunekbv@cloudflare.com,Male,6
429,Basil,Huffa,bhuffabw@un.org,Male,53
430,Twyla,Gilcriest,tgilcriestbx@washington.edu,Female,7
431,Stanly,Lakeman,slakemanby@webeden.co.uk,Male,26
432,Katie,Zealander,kzealanderbz@slashdot.org,Female,37
433,Lotte,Osmon,losmonc0@networksolutions.com,Female,7
434,Sholom,Maddy,smaddyc1@reference.com,Male,11
435,Tawnya,Hise,thisec2@telegraph.co.uk,Genderfluid,76
436,Agustin,McKellen,amckellenc3@wp.com,Male,28
437,Pam,Brophy,pbrophyc4@usgs.gov,Female,26
438,Harmonia,Bryett,hbryettc5@unblog.fr,Female,4
439,Hadlee,Peaden,hpeadenc6@squidoo.com,Male,7
440,Teodor,Howgill,thowgillc7@people.com.cn,Male,23
441,Cully,Vivash,cvivashc8@vimeo.com,Male,14
442,Sollie,Height,sheightc9@java.com,Male,76
443,Skipper,Esson,sessonca@multiply.com,Male,60
444,Lyman,Molloy,lmolloycb@vinaora.com,Agender,51
445,Federico,Coke,fcokecc@army.mil,Male,25
446,D'arcy,Pitson,dpitsoncd@reference.com,Male,38
447,Kellyann,Carlett,kcarlettce@flickr.com,Female,3
448,Rad,Sander,rsandercf@washingtonpost.com,Male,53
449,Winfield,Jelf,wjelfcg@smh.com.au,Male,23
450,Ingra,Danelutti,idaneluttich@state.tx.us,Male,7
451,Irma,Orton,iortonci@amazon.de,Bigender,64
452,Weylin,Garriock,wgarriockcj@bloglines.com,Male,88
453,Berti,Yarnell,byarnellck@psu.edu,Female,93
454,Margarette,Matchitt,mmatchittcl@comsenz.com,Female,2
455,Reynold,Farrey,rfarreycm@nih.gov,Male,29
456,Gordy,McEnhill,gmcenhillcn@technorati.com,Male,28
457,Dulcie,Pridham,dpridhamco@csmonitor.com,Female,24
458,Kesley,Orpin,korpincp@tripadvisor.com,Female,18
459,Orton,McLeoid,omcleoidcq@arstechnica.com,Male,97
460,Lyssa,Count,lcountcr@weather.com,Female,33
461,Tiphani,Chainey,tchaineycs@bbb.org,Female,79
462,Arvie,Wilkisson,awilkissonct@last.fm,Male,32
463,Alameda,Sixsmith,asixsmithcu@slideshare.net,Female,55
464,Elbert,Petrusch,epetruschcv@admin.ch,Male,12
465,Theodora,Roebottom,troebottomcw@weibo.com,Female,92
466,Ruth,Fennessy,rfennessycx@mediafire.com,Female,60
467,Lindie,Grunwall,lgrunwallcy@archive.org,Bigender,69
468,Gweneth,Moulin,gmoulincz@goodreads.com,Female,59
469,Oralia,Durrans,odurransd0@discuz.net,Female,42
470,Ulrica,Dunrige,udunriged1@gnu.org,Genderfluid,74
471,Allistir,Scoyles,ascoylesd2@accuweather.com,Male,50
472,Merrilee,Oakinfold,moakinfoldd3@bing.com,Female,58
473,Mordecai,Teese,mteesed4@tuttocitta.it,Male,75
474,Juliet,Denerley,jdenerleyd5@bloomberg.com,Female,45
475,Tarra,Simonutti,tsimonuttid6@unc.edu,Female,66
476,Matthew,Petch,mpetchd7@mtv.com,Male,43
477,Leelah,Posselow,lposselowd8@technorati.com,Female,66
478,Otis,Upstell,oupstelld9@weibo.com,Male,32
479,Phillipe,Symcock,psymcockda@mtv.com,Male,32
480,Allyson,Kiely,akielydb@nba.com,Female,94
481,Guendolen,Gillum,ggillumdc@ebay.co.uk,Female,48
482,Zechariah,Cavendish,zcavendishdd@gravatar.com,Male,56
483,Erick,Hegden,ehegdende@dropbox.com,Male,36
484,Dalt,Gager,dgagerdf@so-net.ne.jp,Male,95
485,Bobette,Garton,bgartondg@dell.com,Female,94
486,August,Casemore,acasemoredh@merriam-webster.com,Male,71
487,Conan,Gammade,cgammadedi@nature.com,Male,35
488,Creigh,Dalinder,cdalinderdj@multiply.com,Genderqueer,11
489,Dulcine,Rudolfer,drudolferdk@toplist.cz,Female,54
490,Cathi,Eady,ceadydl@clickbank.net,Non-binary,39
491,Valenka,Imbrey,vimbreydm@devhub.com,Agender,11
492,Addy,Bromby,abrombydn@yahoo.co.jp,Male,50
493,Ettie,Kave,ekavedo@yolasite.com,Female,15
494,Hurlee,Whiteway,hwhitewaydp@eepurl.com,Male,93
495,Findley,Londing,flondingdq@ebay.com,Male,61
496,Launce,Wichard,lwicharddr@elpais.com,Male,24
497,Fredek,Cyples,fcyplesds@shareasale.com,Male,8
498,Andie,Smogur,asmogurdt@buzzfeed.com,Non-binary,14
499,Jakie,Cuberley,jcuberleydu@51.la,Male,40
500,Salim,Lissemore,slissemoredv@goo.gl,Male,44
501,Lurleen,McCarry,lmccarrydw@google.ca,Female,70
502,Turner,Kinlock,tkinlockdx@google.com.br,Male,45
503,Steffie,Theunissen,stheunissendy@blogtalkradio.com,Female,43
504,Terrell,Laterza,tlaterzadz@homestead.com,Non-binary,58
505,Carmine,Waldocke,cwaldockee0@nih.gov,Female,58
506,Bebe,Kirdsch,bkirdsche1@ed.gov,Female,41
507,Brynn,Atton,battone2@shinystat.com,Female,51
508,Mellicent,Kirkam,mkirkame3@state.tx.us,Female,38
509,Isidro,Braune,ibraunee4@etsy.com,Male,72
510,Marna,Swetmore,mswetmoree5@privacy.gov.au,Female,9
511,Adham,MacKeever,amackeevere6@icio.us,Male,93
512,Marni,Burdytt,mburdytte7@rambler.ru,Female,87
513,Bryna,O'Dowd,bodowde8@house.gov,Female,48
514,Katharine,Adan,kadane9@shareasale.com,Female,14
515,Jessi,Orrah,jorrahea@irs.gov,Genderfluid,88
516,Berny,Duckham,bduckhameb@imdb.com,Male,60
517,Emeline,Apple,eappleec@homestead.com,Female,98
518,Mellisent,Leglise,mlegliseed@usa.gov,Female,74
519,Lem,Purry,lpurryee@who.int,Agender,12
520,Guillermo,Faunt,gfauntef@bing.com,Male,48
521,Amy,Orans,aoranseg@hao123.com,Female,38
522,Josselyn,Pengelley,jpengelleyeh@weather.com,Bigender,37
523,Bartholemy,Robe,brobeei@drupal.org,Male,37
524,Kiel,Cornbill,kcornbillej@squidoo.com,Male,86
525,Tyne,Godman,tgodmanek@oakley.com,Female,10
526,Vin,Ricardon,vricardonel@dailymail.co.uk,Female,59
527,Merl,Jorry,mjorryem@tuttocitta.it,Female,48
528,Essa,Peever,epeeveren@wunderground.com,Female,100
529,Martainn,Nel,mneleo@freewebs.com,Male,19
530,Mayor,Ianitti,mianittiep@senate.gov,Male,85
531,Rusty,Chezelle,rchezelleeq@opensource.org,Genderfluid,44
532,Cchaddie,Piquard,cpiquarder@imageshack.us,Male,68
533,Brigg,Reedshaw,breedshawes@godaddy.com,Male,86
534,Shayne,Kirkland,skirklandet@chron.com,Female,29
535,Waly,Crafter,wcraftereu@house.gov,Female,94
536,Shay,Strike,sstrikeev@vinaora.com,Female,2
537,Alisun,Bickle,abickleew@sciencedaily.com,Female,95
538,Ernest,Vedntyev,evedntyevex@opensource.org,Male,93
539,Laryssa,Verrick,lverrickey@wunderground.com,Female,82
540,Christian,Duferie,cduferieez@mac.com,Female,10
541,Lyell,Gerard,lgerardf0@slashdot.org,Male,37
542,Sandra,Franzetti,sfranzettif1@google.es,Female,56
543,Tina,Nagle,tnaglef2@homestead.com,Female,41
544,Juieta,Winspire,jwinspiref3@4shared.com,Female,70
545,Shelley,Stinton,sstintonf4@booking.com,Male,17
546,Alvan,Lycett,alycettf5@virginia.edu,Non-binary,90
547,Fredi,Handrok,fhandrokf6@miibeian.gov.cn,Female,14
548,Emanuel,Wilkins,ewilkinsf7@shutterfly.com,Male,14
549,Cami,Trinbey,ctrinbeyf8@ft.com,Non-binary,6
550,Talia,Cromley,tcromleyf9@cnn.com,Female,9
551,Oona,Redier,oredierfa@house.gov,Female,52
552,Leese,Astill,lastillfb@craigslist.org,Female,54
553,Kele,Roll,krollfc@boston.com,Male,38
554,Arney,Aberkirdo,aaberkirdofd@imgur.com,Male,72
555,Estelle,Soppit,esoppitfe@joomla.org,Non-binary,15
556,Robbie,Wealleans,rwealleansff@live.com,Male,15
557,Ambrose,Friberg,afribergfg@usnews.com,Male,72
558,Bernardine,Gronous,bgronousfh@blogs.com,Female,91
559,Siward,Loftin,sloftinfi@uol.com.br,Male,81
560,Olympie,Dubois,oduboisfj@storify.com,Female,54
561,Corry,Ingleton,cingletonfk@free.fr,Female,91
562,Kingston,Spight,kspightfl@gravatar.com,Male,64
563,Yoshiko,Dunbar,ydunbarfm@loc.gov,Female,40
564,Jessica,Jameson,jjamesonfn@fema.gov,Female,1
565,Oralle,Frear,ofrearfo@unc.edu,Female,25
566,Adella,McCloud,amccloudfp@instagram.com,Female,65
567,Alric,Hanwright,ahanwrightfq@google.co.uk,Male,13
568,Adriaens,Pleasance,apleasancefr@oaic.gov.au,Female,76
569,Patric,MacCosto,pmaccostofs@cocolog-nifty.com,Male,92
570,Warner,Petel,wpetelft@nih.gov,Male,49
571,Anjela,Bowyer,abowyerfu@springer.com,Female,11
572,Lockwood,MacIntyre,lmacintyrefv@free.fr,Male,94
573,Veriee,Alberti,valbertifw@moonfruit.com,Female,12
574,Niki,Skillanders,nskillandersfx@geocities.jp,Male,72
575,Mattheus,Davidovitz,mdavidovitzfy@who.int,Male,54
576,Dulcy,Heiton,dheitonfz@alibaba.com,Female,67
577,Luci,Maidment,lmaidmentg0@dagondesign.com,Female,70
578,Valry,Murrow,vmurrowg1@google.com.br,Female,12
579,Gillan,Gerardi,ggerardig2@patch.com,Female,13
580,Elwyn,Mathivet,emathivetg3@earthlink.net,Male,76
581,Holly,McCaig,hmccaigg4@cocolog-nifty.com,Female,82
582,Fayina,Belfitt,fbelfittg5@livejournal.com,Female,58
583,Caroline,Sparsholt,csparsholtg6@newsvine.com,Female,24
584,Gabriele,Towlson,gtowlsong7@virginia.edu,Male,23
585,Buffy,Wannan,bwannang8@wired.com,Female,6
586,Myca,Yeeles,myeelesg9@sitemeter.com,Male,2
587,Niccolo,Bibbie,nbibbiega@last.fm,Non-binary,36
588,Brad,Westmoreland,bwestmorelandgb@yandex.ru,Male,50
589,Clement,Giovannoni,cgiovannonigc@rediff.com,Male,59
590,Terrance,Bazely,tbazelygd@biblegateway.com,Male,21
591,Dania,Elnor,delnorge@howstuffworks.com,Female,46
592,Karna,Hans,khansgf@techcrunch.com,Female,17
593,Nerte,McCard,nmccardgg@networkadvertising.org,Female,3
594,Rori,Bagott,rbagottgh@time.com,Female,92
595,Idalina,Phalp,iphalpgi@google.cn,Female,21
596,Thomas,Penchen,tpenchengj@163.com,Male,1
597,Martin,Daynter,mdayntergk@google.nl,Male,88
598,Dorolisa,Palia,dpaliagl@facebook.com,Female,72
599,Baxter,Sheridan,bsheridangm@techcrunch.com,Male,93
600,Brit,Fozard,bfozardgn@howstuffworks.com,Female,19
601,Derrik,O'Fihily,dofihilygo@bravesites.com,Male,87
602,Virge,Pinwell,vpinwellgp@ucsd.edu,Male,11
603,Flinn,Summerton,fsummertongq@abc.net.au,Male,79
604,Naoma,Stovell,nstovellgr@list-manage.com,Female,35
605,Shirlene,Hawkes,shawkesgs@amazon.co.jp,Female,19
606,Codie,Masselin,cmasselingt@nhs.uk,Male,42
607,Nikoletta,Annon,nannongu@vimeo.com,Female,13
608,Dulcy,Brazear,dbrazeargv@ovh.net,Female,34
609,Pace,Tease,pteasegw@prlog.org,Male,67
610,Glad,Francom,gfrancomgx@xrea.com,Female,82
611,Tessie,Cristoforetti,tcristoforettigy@economist.com,Female,58
612,Donny,Corbett,dcorbettgz@adobe.com,Male,97
613,Zola,Drew-Clifton,zdrewcliftonh0@ted.com,Female,21
614,Gregoire,Crepel,gcrepelh1@usgs.gov,Male,29
615,Annie,Warricker,awarrickerh2@g.co,Female,87
616,Davy,Preble,dprebleh3@miibeian.gov.cn,Male,17
617,Tessi,Shapiro,tshapiroh4@ucsd.edu,Female,44
618,Fayre,Balmann,fbalmannh5@msu.edu,Non-binary,7
619,Nichols,Bennike,nbennikeh6@github.com,Male,30
620,Pebrook,Caselli,pcasellih7@washington.edu,Male,46
621,Curr,Blinco,cblincoh8@harvard.edu,Male,19
622,Augusto,Pietrusiak,apietrusiakh9@chicagotribune.com,Male,42
623,Brett,Dumper,bdumperha@twitter.com,Male,18
624,Clara,Tatershall,ctatershallhb@columbia.edu,Female,4
625,Kaspar,Gabbitas,kgabbitashc@seattletimes.com,Male,79
626,Vivi,Bibbie,vbibbiehd@angelfire.com,Female,1
627,Joella,O'Keevan,jokeevanhe@ehow.com,Female,56
628,Stavros,Fantonetti,sfantonettihf@comcast.net,Male,99
629,Jessalyn,Skellern,jskellernhg@goodreads.com,Non-binary,35
630,Tallou,Gernier,tgernierhh@salon.com,Female,37
631,Umberto,Kindleside,ukindlesidehi@weebly.com,Male,43
632,Hobard,Kemwal,hkemwalhj@who.int,Male,61
633,Pyotr,Elgy,pelgyhk@cbslocal.com,Male,32
634,Patricia,Odams,podamshl@ebay.com,Female,69
635,Jody,Antonijevic,jantonijevichm@weibo.com,Female,8
636,Rosalind,Kelwaybamber,rkelwaybamberhn@nyu.edu,Female,25
637,Devina,Gogerty,dgogertyho@cnbc.com,Female,21
638,Deanna,Wildblood,dwildbloodhp@netlog.com,Female,50
639,Ivory,McElwee,imcelweehq@github.io,Female,32
640,Annetta,Driffield,adriffieldhr@aboutads.info,Female,26
641,Dulcinea,Buggy,dbuggyhs@dagondesign.com,Female,98
642,Dulsea,De Cruze,ddecruzeht@yelp.com,Female,21
643,Hillier,Graham,hgrahamhu@nationalgeographic.com,Male,64
644,Gardy,Godman,ggodmanhv@desdev.cn,Male,86
645,Jourdan,O'Hagirtie,johagirtiehw@webeden.co.uk,Female,75
646,Alexandros,McCaughan,amccaughanhx@amazon.de,Male,28
647,Garvin,Sheryne,gsherynehy@archive.org,Male,45
648,Chip,Sheardown,csheardownhz@zdnet.com,Male,56
649,Annadiane,Stapells,astapellsi0@statcounter.com,Female,13
650,Tonia,Davinet,tdavineti1@paypal.com,Female,92
651,Reginald,Tourmell,rtourmelli2@upenn.edu,Male,78
652,Edd,Eldred,eeldredi3@harvard.edu,Male,71
653,Cassie,Lentsch,clentschi4@slideshare.net,Male,79
654,Devin,Cuphus,dcuphusi5@nasa.gov,Female,88
655,Kinsley,Scurlock,kscurlocki6@goo.ne.jp,Male,89
656,Vikki,Skerman,vskermani7@microsoft.com,Female,91
657,Mikol,Rainbow,mrainbowi8@opera.com,Male,72
658,Clem,Picford,cpicfordi9@nationalgeographic.com,Female,48
659,Rockey,Batchellor,rbatchelloria@flickr.com,Male,72
660,Lanny,Read,lreadib@vistaprint.com,Female,52
661,Anna-diana,Merck,amerckic@spiegel.de,Female,35
662,Carson,O'Doherty,codohertyid@delicious.com,Non-binary,78
663,Raleigh,Simon,rsimonie@google.cn,Male,66
664,Zelda,Kettoe,zkettoeif@foxnews.com,Agender,26
665,Penelopa,McEllen,pmcellenig@baidu.com,Female,25
666,Lanette,Bann,lbannih@foxnews.com,Female,32
667,Gussi,Tesimon,gtesimonii@yellowbook.com,Female,48
668,Felecia,Noblet,fnobletij@un.org,Female,100
669,Gustave,Merrilees,gmerrileesik@constantcontact.com,Male,42
670,Ardene,Beig,abeigil@upenn.edu,Female,50
671,Caria,Presho,cpreshoim@fema.gov,Female,75
672,Blake,Fairlaw,bfairlawin@opera.com,Male,44
673,Hamlin,Wight,hwightio@tumblr.com,Male,100
674,Ginnifer,Cocks,gcocksip@imageshack.us,Female,85
675,Norman,Rope,nropeiq@freewebs.com,Non-binary,17
676,Malissia,Di Domenico,mdidomenicoir@mozilla.com,Female,16
677,Kary,Bourchier,kbourchieris@diigo.com,Female,24
678,Jo-ann,Castangia,jcastangiait@washington.edu,Female,23
679,Gabrila,Kanter,gkanteriu@ftc.gov,Female,23
680,Candy,Medwell,cmedwelliv@bizjournals.com,Female,35
681,Madlin,Gwillyam,mgwillyamiw@goodreads.com,Female,97
682,Darn,Scoffham,dscoffhamix@posterous.com,Male,18
683,Frank,Visco,fviscoiy@moonfruit.com,Male,79
684,Danice,Gamell,dgamelliz@apple.com,Genderqueer,46
685,Lorne,Jeffcoat,ljeffcoatj0@last.fm,Female,14
686,Leandra,Canning,lcanningj1@ft.com,Polygender,38
687,Vania,Verrall,vverrallj2@gizmodo.com,Female,3
688,Morley,Cudde,mcuddej3@indiatimes.com,Male,73
689,Gillie,Banck,gbanckj4@alibaba.com,Female,19
690,Marie,Slayny,mslaynyj5@twitpic.com,Female,71
691,Raymund,Kither,rkitherj6@discovery.com,Male,13
692,Karla,Juhruke,kjuhrukej7@zdnet.com,Female,92
693,Kerry,Attoc,kattocj8@wikipedia.org,Male,56
694,Fielding,Haglinton,fhaglintonj9@digg.com,Male,26
695,Nadine,Bagott,nbagottja@uiuc.edu,Female,54
696,Cletis,Cadogan,ccadoganjb@mapquest.com,Male,58
697,Lucilia,Coffin,lcoffinjc@bbb.org,Female,86
698,Wendye,Livingstone,wlivingstonejd@washingtonpost.com,Female,23
699,Luke,Nannetti,lnannettije@google.ca,Male,63
700,Melanie,Fridaye,mfridayejf@discuz.net,Female,38
701,Arlan,Cromer,acromerjg@ft.com,Male,69
702,Larine,Dmitriev,ldmitrievjh@indiegogo.com,Female,79
703,Melina,McKenney,mmckenneyji@bluehost.com,Female,97
704,Beauregard,Shills,bshillsjj@irs.gov,Male,88
705,Cyrille,Allanson,callansonjk@cam.ac.uk,Male,29
706,Gallard,Northin,gnorthinjl@cdbaby.com,Male,93
707,Benedikt,Nelsen,bnelsenjm@storify.com,Male,24
708,Gardiner,Sulter,gsulterjn@oakley.com,Male,17
709,Ivor,Kimmings,ikimmingsjo@discovery.com,Male,10
710,Stanislaw,Vlasyev,svlasyevjp@europa.eu,Non-binary,38
711,Vicki,Trippitt,vtrippittjq@ucoz.com,Female,11
712,Elysha,Longhorne,elonghornejr@china.com.cn,Female,34
713,Arliene,Sleit,asleitjs@nhs.uk,Female,12
714,Tiffy,Brader,tbraderjt@biglobe.ne.jp,Female,6
715,Ezechiel,Faireclough,efairecloughju@infoseek.co.jp,Male,29
716,Clemmy,Pettiward,cpettiwardjv@phpbb.com,Female,3
717,Elisha,Thirsk,ethirskjw@theatlantic.com,Female,43
718,Monika,Konertz,mkonertzjx@shutterfly.com,Female,33
719,Vonnie,Medgewick,vmedgewickjy@digg.com,Female,5
720,Augusto,Maro,amarojz@a8.net,Male,50
721,Myrtie,Brothers,mbrothersk0@bloomberg.com,Female,81
722,Frans,MacGuiness,fmacguinessk1@cocolog-nifty.com,Bigender,50
723,Bibbie,Ashman,bashmank2@linkedin.com,Agender,44
724,Trina,Thomen,tthomenk3@goo.gl,Female,93
725,Dyanna,Crop,dcropk4@comsenz.com,Female,100
726,Julissa,Hammerberg,jhammerbergk5@illinois.edu,Female,66
727,Gaylor,MacPeice,gmacpeicek6@istockphoto.com,Male,44
728,Aldrich,Bohlsen,abohlsenk7@mozilla.org,Genderfluid,83
729,Corenda,Swaden,cswadenk8@constantcontact.com,Female,63
730,Lynnell,MacGown,lmacgownk9@lulu.com,Bigender,32
731,Willa,Yuryev,wyuryevka@surveymonkey.com,Female,32
732,Neysa,Coxwell,ncoxwellkb@umn.edu,Female,63
733,Umberto,Hutt,uhuttkc@cocolog-nifty.com,Male,90
734,Clair,Giddins,cgiddinskd@nifty.com,Female,99
735,Mateo,Childrens,mchildrenske@sina.com.cn,Male,31
736,Jaquenetta,Rimes,jrimeskf@microsoft.com,Female,24
737,Cornell,Sirman,csirmankg@wix.com,Male,73
738,Anderea,Aleshkov,aaleshkovkh@addtoany.com,Female,57
739,June,Wharrier,jwharrierki@seattletimes.com,Female,35
740,Felike,Merritt,fmerrittkj@webs.com,Male,73
741,Malinde,Colgan,mcolgankk@moonfruit.com,Female,22
742,Hillie,Prugel,hprugelkl@ovh.net,Male,71
743,Welsh,Reckhouse,wreckhousekm@sourceforge.net,Male,48
744,Shalna,Grunson,sgrunsonkn@time.com,Female,39
745,Analise,Eltringham,aeltringhamko@nsw.gov.au,Female,23
746,Had,Gerardet,hgerardetkp@toplist.cz,Male,28
747,Maggi,Dashper,mdashperkq@wufoo.com,Female,100
748,Frayda,Shrawley,fshrawleykr@businessinsider.com,Female,63
749,Conrad,Pemble,cpembleks@psu.edu,Male,74
750,Consuela,Hallatt,challattkt@apache.org,Female,98
751,Urbano,McNeilley,umcneilleyku@yandex.ru,Polygender,45
752,Noll,Kasbye,nkasbyekv@apple.com,Male,85
753,Garrek,Cutriss,gcutrisskw@diigo.com,Male,27
754,Sileas,Pay,spaykx@1und1.de,Female,92
755,Ellary,Solomonides,esolomonidesky@webmd.com,Male,27
756,Christos,Koppes,ckoppeskz@technorati.com,Male,64
757,Belinda,Befroy,bbefroyl0@imgur.com,Female,58
758,Corrine,Gove,cgovel1@usatoday.com,Female,72
759,Chet,Darwent,cdarwentl2@tinypic.com,Male,1
760,Panchito,Rattray,prattrayl3@mashable.com,Male,54
761,Merilyn,Lynagh,mlynaghl4@hexun.com,Female,18
762,Scarlet,MacKeogh,smackeoghl5@sina.com.cn,Female,89
763,Burlie,Farnell,bfarnelll6@msu.edu,Male,7
764,Merrill,Lidgley,mlidgleyl7@usnews.com,Female,26
765,Granthem,Strangman,gstrangmanl8@opensource.org,Male,42
766,Kaia,Trewhela,ktrewhelal9@comsenz.com,Female,73
767,Thayne,Athey,tatheyla@oracle.com,Male,99
768,Lindie,Blagburn,lblagburnlb@devhub.com,Female,58
769,Nananne,Ricarde,nricardelc@over-blog.com,Female,89
770,Niki,Worsnip,nworsnipld@fda.gov,Genderqueer,21
771,Marni,Sherar,msherarle@g.co,Female,6
772,Sherie,Ragbourne,sragbournelf@umich.edu,Female,25
773,Hermy,Colliber,hcolliberlg@miitbeian.gov.cn,Male,41
774,Maggy,Persence,mpersencelh@timesonline.co.uk,Female,11
775,Devy,Georgeot,dgeorgeotli@weibo.com,Male,97
776,Christel,Troucher,ctroucherlj@toplist.cz,Female,16
777,Kain,MacAughtrie,kmacaughtrielk@cmu.edu,Male,34
778,Prince,Baddoe,pbaddoell@123-reg.co.uk,Male,24
779,Thadeus,Britton,tbrittonlm@ustream.tv,Male,63
780,Quentin,Coucher,qcoucherln@cargocollective.com,Female,76
781,Anabal,Pickworth,apickworthlo@vkontakte.ru,Female,99
782,Rowney,Dahle,rdahlelp@imgur.com,Male,61
783,Kincaid,Phipson,kphipsonlq@meetup.com,Male,64
784,Nerta,Burvill,nburvilllr@hugedomains.com,Polygender,23
785,Emilio,Gall,egallls@berkeley.edu,Male,91
786,Sydel,Marnane,smarnanelt@washingtonpost.com,Female,81
787,Tedra,Fedder,tfedderlu@delicious.com,Female,2
788,Rancell,Lusgdin,rlusgdinlv@bigcartel.com,Male,74
789,Sawyer,Hickeringill,shickeringilllw@icio.us,Male,86
790,Townie,Mowsley,tmowsleylx@webmd.com,Male,71
791,Cordy,Lerigo,clerigoly@infoseek.co.jp,Female,11
792,Larissa,Batalle,lbatallelz@comcast.net,Female,14
793,Mabel,Paige,mpaigem0@amazon.com,Female,90
794,Dione,Killelay,dkillelaym1@flickr.com,Female,79
795,Jarrad,Crothers,jcrothersm2@cmu.edu,Male,68
796,Rufe,Alekseev,ralekseevm3@ustream.tv,Male,100
797,Freida,Lumley,flumleym4@so-net.ne.jp,Female,65
798,Deina,Kunze,dkunzem5@usda.gov,Female,7
799,Candie,Bursnoll,cbursnollm6@slate.com,Female,69
800,Nolie,MacAdam,nmacadamm7@cbsnews.com,Female,33
801,Christin,Matevosian,cmatevosianm8@fc2.com,Female,22
802,Dian,Butterick,dbutterickm9@ucoz.ru,Genderqueer,33
803,Alexandros,Brick,abrickma@google.fr,Male,81
804,Paulo,Marion,pmarionmb@omniture.com,Male,2
805,Bryon,Antalffy,bantalffymc@last.fm,Male,83
806,Ravid,Dumigan,rdumiganmd@umich.edu,Male,98
807,Zoe,McGillivray,zmcgillivrayme@globo.com,Female,15
808,Salomi,Butt,sbuttmf@tinypic.com,Female,45
809,Carlyn,Dymick,cdymickmg@ted.com,Polygender,70
810,Jobey,Hassur,jhassurmh@purevolume.com,Female,64
811,Merle,Bradley,mbradleymi@angelfire.com,Male,44
812,Lou,Collopy,lcollopymj@lycos.com,Polygender,27
813,Marieann,Swyer-Sexey,mswyersexeymk@odnoklassniki.ru,Female,63
814,Judy,Vignal,jvignalml@plala.or.jp,Female,96
815,Sheeree,McCallum,smccallummm@seesaa.net,Female,26
816,Sinclare,Umpleby,sumplebymn@nifty.com,Male,54
817,Kristel,Edy,kedymo@umn.edu,Female,80
818,Sacha,Gammack,sgammackmp@toplist.cz,Female,83
819,Papagena,Babcock,pbabcockmq@squarespace.com,Female,61
820,Brockie,Morratt,bmorrattmr@ovh.net,Male,23
821,Arlyn,Cudmore,acudmorems@prlog.org,Female,42
822,Analise,Yesinin,ayesininmt@yahoo.co.jp,Female,37
823,Stu,Rowet,srowetmu@over-blog.com,Male,6
824,Eba,Costall,ecostallmv@lulu.com,Female,71
825,Byram,Mawhinney,bmawhinneymw@wisc.edu,Male,49
826,Emmanuel,McBrier,emcbriermx@simplemachines.org,Male,64
827,Niki,Little,nlittlemy@senate.gov,Female,92
828,Pat,Pulman,ppulmanmz@github.com,Male,40
829,Sibylle,Whitehorn,swhitehornn0@addtoany.com,Female,64
830,Viola,Fermin,vferminn1@surveymonkey.com,Female,94
831,Perrine,Searson,psearsonn2@cnbc.com,Non-binary,5
832,Gaston,Imloch,gimlochn3@infoseek.co.jp,Male,61
833,Levi,Tiffin,ltiffinn4@goo.gl,Male,8
834,Becca,Spyvye,bspyvyen5@auda.org.au,Female,87
835,Doria,Stobbe,dstobben6@apple.com,Female,45
836,Efrem,Evers,eeversn7@upenn.edu,Male,41
837,Blinnie,Lushey,blusheyn8@blogger.com,Female,54
838,Leopold,Castagnasso,lcastagnasson9@earthlink.net,Male,74
839,Alonso,MacClenan,amacclenanna@about.com,Male,94
840,Brenden,Caves,bcavesnb@ifeng.com,Male,1
841,Letizia,Prebble,lprebblenc@msn.com,Female,95
842,Kerry,Jeavon,kjeavonnd@wufoo.com,Male,55
843,Reuven,Archbutt,rarchbuttne@nyu.edu,Male,4
844,Berkie,Curling,bcurlingnf@artisteer.com,Male,31
845,Annadiana,O'Luney,aoluneyng@google.cn,Female,27
846,Fletcher,Blabie,fblabienh@reference.com,Male,34
847,Darnall,Dorrian,ddorrianni@google.ca,Male,24
848,Filberte,Feavyour,ffeavyournj@google.co.jp,Male,84
849,Leann,Ghioni,lghionink@theatlantic.com,Agender,48
850,Abrahan,Beston,abestonnl@blogspot.com,Male,39
851,Laurella,Bafford,lbaffordnm@dell.com,Female,80
852,Celina,Gonzalez,cgonzaleznn@behance.net,Female,54
853,Griff,Matley,gmatleyno@nhs.uk,Male,29
854,Raffaello,Attwooll,rattwoollnp@aboutads.info,Male,6
855,Henryetta,Bursnoll,hbursnollnq@google.pl,Female,98
856,Eduard,Klimas,eklimasnr@cafepress.com,Male,1
857,Jody,Ibarra,jibarrans@cdc.gov,Male,100
858,Paulo,Crafter,pcrafternt@wordpress.org,Male,10
859,Claribel,Rummins,crumminsnu@reuters.com,Female,83
860,Ernie,Yallowley,eyallowleynv@naver.com,Male,18
861,Donni,Hoodless,dhoodlessnw@xing.com,Female,64
862,Justin,Chalker,jchalkernx@foxnews.com,Male,4
863,Estevan,Boustred,eboustredny@myspace.com,Agender,85
864,Sallie,Henrique,shenriquenz@wikipedia.org,Female,52
865,Cesar,O'Fihily,cofihilyo0@jugem.jp,Male,23
866,Rutter,Goodlud,rgoodludo1@behance.net,Male,77
867,Samuele,Poxson,spoxsono2@domainmarket.com,Male,44
868,Hercules,Ballingal,hballingalo3@java.com,Male,82
869,Eldin,McKeaney,emckeaneyo4@xing.com,Male,33
870,Dasie,Acedo,dacedoo5@digg.com,Female,3
871,Iseabal,Groger,igrogero6@dedecms.com,Female,7
872,Maren,Pashe,mpasheo7@cdc.gov,Female,47
873,Clywd,Lardeur,clardeuro8@plala.or.jp,Male,68
874,Rheta,Gazzard,rgazzardo9@nih.gov,Female,38
875,Melantha,Fletcher,mfletcheroa@alexa.com,Female,95
876,Jessie,Franceschino,jfranceschinoob@woothemes.com,Male,70
877,Karol,Gorry,kgorryoc@taobao.com,Female,33
878,Raddy,Minster,rminsterod@usatoday.com,Male,43
879,Anselm,McAlinden,amcalindenoe@mozilla.org,Male,98
880,Dav,Richter,drichterof@csmonitor.com,Male,28
881,Chrissie,Darben,cdarbenog@nationalgeographic.com,Agender,99
882,Lindsay,Mapledorum,lmapledorumoh@dmoz.org,Male,13
883,Alexei,Bale,abaleoi@facebook.com,Male,37
884,Tillie,Acaster,tacasteroj@yale.edu,Female,36
885,Sammie,Dawney,sdawneyok@usnews.com,Male,91
886,Tedmund,Graffham,tgraffhamol@accuweather.com,Male,88
887,Charlie,Herreran,cherreranom@github.io,Male,100
888,Madelene,Eakley,meakleyon@rediff.com,Female,71
889,Barbara-anne,Fayerbrother,bfayerbrotheroo@soup.io,Female,16
890,Vivianna,Bleby,vblebyop@hud.gov,Female,4
891,Esther,Pitkins,epitkinsoq@51.la,Agender,34
892,Ambros,Ickowicz,aickowiczor@is.gd,Male,58
893,Gus,Myring,gmyringos@sourceforge.net,Male,93
894,Pippy,Daulby,pdaulbyot@sun.com,Female,53
895,Paulie,Jerrems,pjerremsou@jiathis.com,Agender,73
896,Viviene,Durban,vdurbanov@marketwatch.com,Female,19
897,Bondy,Aartsen,baartsenow@telegraph.co.uk,Male,25
898,Seumas,Juste,sjusteox@mapquest.com,Male,65
899,Hilliary,Smeeth,hsmeethoy@spotify.com,Female,75
900,Drucy,Worsnip,dworsnipoz@dmoz.org,Female,65
901,Shaughn,Larchiere,slarchierep0@goo.gl,Male,84
902,Teressa,Shawl,tshawlp1@nih.gov,Female,27
903,Eamon,Gecks,egecksp2@microsoft.com,Non-binary,28
904,Dannel,Succamore,dsuccamorep3@mozilla.org,Male,75
905,Pace,Quinlan,pquinlanp4@devhub.com,Male,10
906,Bronny,Herculson,bherculsonp5@pinterest.com,Male,99
907,Rolland,Clearie,rcleariep6@phoca.cz,Male,44
908,Constancia,Dust,cdustp7@bloomberg.com,Female,73
909,Sherilyn,Pindar,spindarp8@answers.com,Female,80
910,Murielle,Kybert,mkybertp9@jalbum.net,Female,55
911,Launce,Dickinson,ldickinsonpa@wunderground.com,Male,58
912,Siusan,Smallshaw,ssmallshawpb@delicious.com,Female,39
913,Carrol,Chong,cchongpc@sohu.com,Male,94
914,Regan,Marchent,rmarchentpd@nps.gov,Male,82
915,Mariellen,Kernell,mkernellpe@psu.edu,Female,84
916,Alleen,Gavahan,agavahanpf@goo.gl,Female,82
917,Guillemette,Brandom,gbrandompg@businessinsider.com,Female,30
918,Carey,Edinborough,cedinboroughph@economist.com,Female,31
919,Cammie,Arrigucci,carriguccipi@hugedomains.com,Female,100
920,Lynnelle,Tallowin,ltallowinpj@com.com,Female,63
921,Zita,Mahood,zmahoodpk@illinois.edu,Female,25
922,Dorelle,Extill,dextillpl@examiner.com,Female,85
923,Tris,Burgoin,tburgoinpm@chron.com,Male,8
924,Andrei,Baulch,abaulchpn@pen.io,Female,83
925,Danya,Burmingham,dburminghampo@sfgate.com,Genderqueer,81
926,Gene,Conkling,gconklingpp@multiply.com,Male,30
927,Kelvin,O'Bradain,kobradainpq@cbslocal.com,Male,81
928,Pren,Rhodes,prhodespr@dot.gov,Male,52
929,Adlai,De Banke,adebankeps@wisc.edu,Male,69
930,Hardy,Duffil,hduffilpt@oakley.com,Male,21
931,Ahmed,Bemand,abemandpu@sphinn.com,Male,28
932,Amalee,Janas,ajanaspv@wikia.com,Female,30
933,Pooh,Ennion,pennionpw@macromedia.com,Female,78
934,Joachim,Hentzeler,jhentzelerpx@icq.com,Male,54
935,Vite,Gridley,vgridleypy@godaddy.com,Male,5
936,Shelby,Paramor,sparamorpz@parallels.com,Female,86
937,Fannie,Merrick,fmerrickq0@devhub.com,Female,62
938,Jeffrey,Caltera,jcalteraq1@army.mil,Male,97
939,Marty,Welton,mweltonq2@reference.com,Female,25
940,Munmro,Cannaway,mcannawayq3@discuz.net,Male,62
941,Ulick,Leverton,ulevertonq4@ustream.tv,Male,17
942,Francisca,Pitway,fpitwayq5@apache.org,Female,69
943,Nonnah,Corteis,ncorteisq6@indiatimes.com,Female,87
944,Inness,Goulborn,igoulbornq7@oakley.com,Male,26
945,Vick,Juggins,vjugginsq8@networksolutions.com,Polygender,71
946,Terrell,Baudesson,tbaudessonq9@accuweather.com,Male,19
947,Gisele,Tremmil,gtremmilqa@odnoklassniki.ru,Female,76
948,Nadeen,Bergstram,nbergstramqb@sitemeter.com,Female,81
949,Marcela,Skillman,mskillmanqc@merriam-webster.com,Non-binary,49
950,Bordie,MacAughtrie,bmacaughtrieqd@yelp.com,Male,37
951,Lillian,Barnfather,lbarnfatherqe@wix.com,Female,84
952,Melony,Roizn,mroiznqf@netscape.com,Bigender,93
953,Noll,Chillingsworth,nchillingsworthqg@globo.com,Male,51
954,Graig,Mcwhinnie,gmcwhinnieqh@imdb.com,Male,73
955,Danyette,Brown,dbrownqi@jugem.jp,Female,6
956,Shelby,Stronge,sstrongeqj@berkeley.edu,Male,87
957,Pearce,Cranstone,pcranstoneqk@rakuten.co.jp,Male,6
958,Birk,Becken,bbeckenql@alexa.com,Male,75
959,Bev,Newlan,bnewlanqm@prnewswire.com,Female,25
960,Padraig,Sandyford,psandyfordqn@people.com.cn,Agender,79
961,Broddie,Kinnerk,bkinnerkqo@people.com.cn,Male,23
962,Trever,Sprankling,tspranklingqp@examiner.com,Male,76
963,Madlin,Fouracres,mfouracresqq@cnbc.com,Female,76
964,Gifford,O'Hartagan,gohartaganqr@tumblr.com,Male,39
965,Debor,Parkin,dparkinqs@telegraph.co.uk,Female,14
966,Kaleb,Rissom,krissomqt@hao123.com,Male,90
967,Bearnard,Raggatt,braggattqu@prweb.com,Male,3
968,Obidiah,Aspden,oaspdenqv@wiley.com,Male,14
969,Cristin,Saban,csabanqw@pen.io,Female,84
970,Hubie,Klammt,hklammtqx@npr.org,Male,64
971,Reuven,Canellas,rcanellasqy@newsvine.com,Male,49
972,Shantee,Fiddler,sfiddlerqz@amazon.co.jp,Female,73
973,Hartwell,Palphramand,hpalphramandr0@rambler.ru,Male,80
974,Clay,Tyrone,ctyroner1@goo.gl,Male,88
975,Kettie,Viste,kvister2@shutterfly.com,Female,95
976,Riley,Yurov,ryurovr3@wikispaces.com,Male,87
977,Reynard,Olifard,rolifardr4@adobe.com,Male,56
978,Yul,Muress,ymuressr5@thetimes.co.uk,Genderfluid,92
979,Giffie,Maneylaws,gmaneylawsr6@china.com.cn,Male,23
980,Annabelle,Apfel,aapfelr7@huffingtonpost.com,Female,80
981,Abbey,Munt,amuntr8@netlog.com,Female,14
982,Antony,Dallyn,adallynr9@sfgate.com,Male,68
983,Corette,Royan,croyanra@rediff.com,Genderqueer,23
984,Michaella,Jackes,mjackesrb@accuweather.com,Female,83
985,Tomasina,McKerron,tmckerronrc@ted.com,Female,49
986,Emyle,Mingey,emingeyrd@trellian.com,Female,2
987,Shurlock,Garside,sgarsidere@opera.com,Male,29
988,Damara,Scogings,dscogingsrf@bloglovin.com,Female,81
989,Gustaf,Stammers,gstammersrg@sitemeter.com,Male,93
990,Teodorico,Ashlin,tashlinrh@webnode.com,Male,78
991,Giusto,Janota,gjanotari@dell.com,Male,1
992,Marcelle,Gelsthorpe,mgelsthorperj@cbsnews.com,Female,75
993,Brendis,Minucci,bminuccirk@tinyurl.com,Male,71
994,Madelina,Bragginton,mbraggintonrl@dyndns.org,Female,22
995,Tandy,Barbara,tbarbararm@pen.io,Female,45
996,Wandie,Imlen,wimlenrn@drupal.org,Female,99
997,Nerty,Jahndel,njahndelro@microsoft.com,Female,50
998,Charley,Fraczkiewicz,cfraczkiewiczrp@unblog.fr,Male,30
999,Christen,Howsden,chowsdenrq@a8.net,Female,24
1000,Gustie,Crumly,gcrumlyrr@prweb.com,Female,57
